<?xml version="1.0" encoding="UTF-8"?>
<!DOCTYPE hibernate-configuration PUBLIC
        "-//Hibernate/Hibernate Configuration DTD 3.0//EN"
        "http://www.hibernate.org/dtd/hibernate-configuration-3.0.dtd">
<hibernate-configuration>
  <session-factory>
    <property name="connection.driver_class">com.mysql.cj.jdbc.Driver</property>
    <property name="connection.url">jdbc:mysql://localhost:3306/voluntariado?createDatabaseIfNotExist=true</property>
    <property name="connection.username">root</property>
    <property name="connection.password">Bruno2702!</property>

    <property name="hibernate.hbm2ddl.auto">update</property>
    <property name="show_sql">false</property>
    <property name="hibernate.format_sql">true</property>
    <property name="hibernate.highlight_sql">false</property>

    <mapping class="upt.lp.hibernate.Utilizador"/>
    <mapping class="upt.lp.hibernate.Voluntario"/>
    <mapping class="upt.lp.hibernate.Inscricao"/>
    <mapping class="upt.lp.hibernate.ProgramaVoluntariado"/>
  </session-factory>
</hibernate-configuration>
